companyId,userId,userName,field1,field5
1004,2004,Alexandar,Doe,India
1005,2005,Roxanna,Fallon,USA
1004,2004,Alexandar,Doe,India
1005,2005,Roxanna,Fallon,USA
1004,2004,Alexandar,Doe,India
1005,2005,Roxanna,Fallon,USA
1004,2004,Alexandar,Doe,India
1005,2005,Roxanna,Fallon,USA
1004,2004,Alexandar,Doe,India
1005,2005,Roxanna,Fallon,USA
1004,2004,Alexandar,Doe,India
1005,2005,Roxanna,Fallon,USA
1004,2004,Alexandar,Doe,India
1005,2005,Roxanna,Fallon,USA
1004,2004,Alexandar,Doe,India
1005,2005,Roxanna,Fallon,USA
1004,2004,Alexandar,Doe,India
1005,2005,Roxanna,Fallon,USA
1004,2004,Alexandar,Doe,India
1005,2005,Roxanna,Fallon,USA
1004,2004,Alexandar,Doe,India
1005,2005,Roxanna,Fallon,USA
1004,2004,Alexandar,Doe,India
1005,2005,Roxanna,Fallon,USA
1004,2004,Alexandar,Doe,India
1005,2005,Roxanna,Fallon,USA
1004,2004,Alexandar,Doe,India
1005,2005,Roxanna,Fallon,USA
1004,2004,Alexandar,Doe,India
1005,2005,Roxanna,Fallon,USA
1004,2004,Alexandar,Doe,India
1005,2005,Roxanna,Fallon,USA
1004,2004,Alexandar,Doe,India
1005,2005,Roxanna,Fallon,USA
1004,2004,Alexandar,Doe,India
1005,2005,Roxanna,Fallon,USA
1004,2004,Alexandar,Doe,India
1005,2005,Roxanna,Fallon,USA
1004,2004,Alexandar,Doe,India
1005,2005,Roxanna,Fallon,USA
1004,2004,Alexandar,Doe,India
1005,2005,Roxanna,Fallon,USA
1004,2004,Alexandar,Doe,India
1005,2005,Roxanna,Fallon,USA
1004,2004,Alexandar,Doe,India
1005,2005,Roxanna,Fallon,USA
1004,2004,Alexandar,Doe,India
1005,2005,Roxanna,Fallon,USA
1004,2004,Alexandar,Doe,India
1005,2005,Roxanna,Fallon,USA
1004,2004,Alexandar,Doe,India
1005,2005,Roxanna,Fallon,USA
1004,2004,Alexandar,Doe,India
1005,2005,Roxanna,Fallon,USA
1004,2004,Alexandar,Doe,India
1005,2005,Roxanna,Fallon,USA
1004,2004,Alexandar,Doe,India
1005,2005,Roxanna,Fallon,USA
1004,2004,Alexandar,Doe,India
1005,2005,Roxanna,Fallon,USA
1004,2004,Alexandar,Doe,India
1005,2005,Roxanna,Fallon,USA
1004,2004,Alexandar,Doe,India
1005,2005,Roxanna,Fallon,USA
1004,2004,Alexandar,Doe,India
1005,2005,Roxanna,Fallon,USA
1004,2004,Alexandar,Doe,India
1005,2005,Roxanna,Fallon,USA
1004,2004,Alexandar,Doe,India
1005,2005,Roxanna,Fallon,USA
1004,2004,Alexandar,Doe,India
1005,2005,Roxanna,Fallon,USA
